{"cameraMode":{"drawMode":0,"name":"Shaded","section":"Shading Mode"},"sceneLighting":true,"audioPlay":false,"sceneViewState":{"showFog":true,"showMaterialUpdate":false,"showSkybox":false,"showFlares":true,"showImageEffects":true,"showParticleSystems":true,"showVisualEffectGraphs":true,"m_FxEnabled":true},"in2DMode":false,"pivot":{"x":-0.10594034194946289,"y":0.17845863103866578,"z":0.7345184087753296},"rotation":{"x":-0.0005807225243188441,"y":0.9793297052383423,"z":-0.20413464307785035,"w":-0.00415868079289794},"size":2.422520637512207,"orthographic":false}